"PC1","PC2","PC3"
5.64485228232738,-0.9538709978301,2.42547420845897
19.9217318679007,1.32704807232082,-5.15508006096319
-0.944039083912503,0.0674962140554843,-0.136711587869248
