"mean","var","x_acf1","trend","linearity","curvature","seasonal_strength","peak","trough","entropy","lumpiness","spike","max_level_shift","max_var_shift","flat_spots","crossing_points","max_kl_shift","time_kl_shift"
317.746031746032,50650.2892985151,0.917388154139018,0.880652466407913,-0.20169571344455,-4.74142720274867,0.383120142750015,2,9,0.678820675687036,0.0153303347852152,2.70331090680933e-06,1.67291553996751,0.841005240446031,22,6,0.807935914390183,48
